uid.x,analysisDate,namedLocation,domainID,siteID,plotID,plotType,collectDate,cnSampleID,cnSampleCode,sampleType,d15N,d13C,nitrogenPercent,carbonPercent,CNratio,cnIsotopeQF,cnPercentQF,isotopeAccuracyQF,percentAccuracyQF,analyticalRepNumber,remarks,laboratoryName,testMethod,instrument,analyzedBy,reviewedBy,dataQF,publicationDate.x,release.x,cn_ratio,sample_id,uid.y,pitNamedLocation,endDate,depthIncrementID,archiveID,rootStatus,sizeCategory,rootDryMass,incrementRootBiomass,incrementRootDensity,publicationDate.y,release.y
f1f3756f-1ca1-4be2-a344-cba00224f47f,2016-10-18,MEGAPT103797,D19,DEJU,NA,NA,2015-07-28T20:00:00Z,DEJU.2.0.LIVE.<4MM,NA,vegetation,1.9,-27.8,0.6,31,49,OK,OK,NA,NA,1,NA,University of Wyoming Stable Isotope Facility,"010 EA-IRMS organic d15n, d13c, C% & N%",NA,rHBrhUbTwVSLtfc5tc9S18/eJGkjVJIj,L/6ZjMlRllRQ+sQbi+7sFw==,dryingProtocolError,2024-11-18T10:15:02Z,RELEASE-2025,51.66666666666667,DEJU.2.0.LIVE.<4MM,1a79e841-4e0e-4f14-80e0-8be165bf6cbc,MEGAPT103797,2015-07-28,DEJU.2.0,DEJU.2.0.LIVE.<4MM,live,<=4mm,15.7936,1579.36,15793.6,2024-11-18T10:15:02Z,RELEASE-2025
b7b880f5-5101-413a-82fb-20cb16888b35,2016-10-04,MEGAPT103797,D19,DEJU,NA,NA,2015-07-28T20:00:00Z,DEJU.1.30.DEAD.<4MM,NA,vegetation,1.4,-30.9,0.5,36.1,71.2,sample d15N out of qaqc tolerance,sample percent N out of qaqc tolerance,NA,NA,1,N amplitude below threshold for reliable data.All of sample used.,University of Wyoming Stable Isotope Facility,"010 EA-IRMS organic d15n, d13c, C% & N%",NA,rHBrhUbTwVSLtfc5tc9S18/eJGkjVJIj,L/6ZjMlRllRQ+sQbi+7sFw==,dryingProtocolError,2024-11-18T10:15:02Z,RELEASE-2025,72.2,DEJU.1.30.DEAD.<4MM,e8f25608-d165-40bc-9135-b5d78140067b,MEGAPT103797,2015-07-28,DEJU.1.30,NA,dead,<=4mm,0.0056,0.56,5.6,2024-11-18T10:15:02Z,RELEASE-2025
b17877be-cec3-449e-bbf7-58a4a5e90a88,2016-10-18,MEGAPT103797,D19,DEJU,NA,NA,2015-07-28T20:00:00Z,DEJU.3.0.LIVE.>4MM,NA,vegetation,0.1,-26.8,0.5,49.6,91.1,OK,OK,NA,NA,1,NA,University of Wyoming Stable Isotope Facility,"010 EA-IRMS organic d15n, d13c, C% & N%",NA,rHBrhUbTwVSLtfc5tc9S18/eJGkjVJIj,L/6ZjMlRllRQ+sQbi+7sFw==,dryingProtocolError,2024-11-18T10:15:02Z,RELEASE-2025,99.2,DEJU.3.0.LIVE.>4MM,250cd2e4-5cc8-400a-b193-7c618238e773,MEGAPT103797,2015-07-28,DEJU.3.0,DEJU.3.0.LIVE.>4MM,live,>4mm,5.3717,537.17,5371.7,2024-11-18T10:15:02Z,RELEASE-2025
b0573cd5-5829-4117-ac26-9171a73f5abc,2016-10-04,MEGAPT103797,D19,DEJU,NA,NA,2015-07-28T20:00:00Z,DEJU.1.10.DEAD.<4MM,NA,vegetation,2.6,-27.5,0.7,41.7,58.7,OK,OK,NA,NA,1,NA,University of Wyoming Stable Isotope Facility,"010 EA-IRMS organic d15n, d13c, C% & N%",NA,rHBrhUbTwVSLtfc5tc9S18/eJGkjVJIj,L/6ZjMlRllRQ+sQbi+7sFw==,dryingProtocolError,2024-11-18T10:15:02Z,RELEASE-2025,59.57142857142858,DEJU.1.10.DEAD.<4MM,53e59b8f-0ddf-472b-b47d-46d9f1ff73b5,MEGAPT103797,2015-07-28,DEJU.1.10,DEJU.1.10.DEAD.<4MM,dead,<=4mm,1.3911,139.11,1391.1,2024-11-18T10:15:02Z,RELEASE-2025
3110e35b-fe3b-4e14-b9ca-a7817fcc017d,2016-12-16,MEGAPT103797,D19,DEJU,NA,NA,2015-07-28T20:00:00Z,DEJU.1.0.LIVE.>4MM,NA,vegetation,-4,-27.1,0.2,47.3,283,OK,OK,NA,NA,1,NA,University of Wyoming Stable Isotope Facility,"010 EA-IRMS organic d15n, d13c, C% & N%",NA,rHBrhUbTwVSLtfc5tc9S18/eJGkjVJIj,L/6ZjMlRllRQ+sQbi+7sFw==,dryingProtocolError,2024-11-18T10:15:02Z,RELEASE-2025,236.49999999999997,DEJU.1.0.LIVE.>4MM,592a6cc3-b350-47c1-bd5a-74690ebe72e2,MEGAPT103797,2015-07-28,DEJU.1.0,DEJU.1.0.LIVE.>4MM,live,>4mm,10.8664,1086.64,10866.4,2024-11-18T10:15:02Z,RELEASE-2025
cf9c431d-be41-4dab-b729-44263139477c,2016-10-18,MEGAPT103797,D19,DEJU,NA,NA,2015-07-28T20:00:00Z,DEJU.1.40.DEAD.<4MM,NA,vegetation,0.5,-27.2,0.9,44.5,48.3,OK,OK,NA,NA,1,NA,University of Wyoming Stable Isotope Facility,"010 EA-IRMS organic d15n, d13c, C% & N%",NA,rHBrhUbTwVSLtfc5tc9S18/eJGkjVJIj,L/6ZjMlRllRQ+sQbi+7sFw==,dryingProtocolError,2024-11-18T10:15:02Z,RELEASE-2025,49.44444444444444,DEJU.1.40.DEAD.<4MM,a832d119-f4f5-4071-9ab3-2ac300d1cd6d,MEGAPT103797,2015-07-28,DEJU.1.40,NA,dead,<=4mm,0.0011,0.11,1.1,2024-11-18T10:15:02Z,RELEASE-2025
4cc42224-092b-41a9-904e-6dfad3a31611,2016-10-18,MEGAPT103797,D19,DEJU,NA,NA,2015-07-28T20:00:00Z,DEJU.2.0.LIVE.>4MM,NA,vegetation,-0.7,-27.4,0.4,50.4,127.8,OK,OK,NA,NA,1,NA,University of Wyoming Stable Isotope Facility,"010 EA-IRMS organic d15n, d13c, C% & N%",NA,rHBrhUbTwVSLtfc5tc9S18/eJGkjVJIj,L/6ZjMlRllRQ+sQbi+7sFw==,dryingProtocolError,2024-11-18T10:15:02Z,RELEASE-2025,125.99999999999999,DEJU.2.0.LIVE.>4MM,95b89d4d-6159-4963-a8e3-aa99cd94554f,MEGAPT103797,2015-07-28,DEJU.2.0,DEJU.2.0.LIVE.>4MM,live,>4mm,1.9758,197.58,1975.8,2024-11-18T10:15:02Z,RELEASE-2025
7ee29e27-6c1f-4154-9080-e4bd285ab1ae,2016-12-08,MEGAPT103797,D19,DEJU,NA,NA,2015-07-28T20:00:00Z,DEJU.1.50.LIVE.<4MM,NA,vegetation,0.3,-29,0.9,50.4,57.2,OK,OK,NA,NA,1,NA,University of Wyoming Stable Isotope Facility,"010 EA-IRMS organic d15n, d13c, C% & N%",NA,rHBrhUbTwVSLtfc5tc9S18/eJGkjVJIj,L/6ZjMlRllRQ+sQbi+7sFw==,dryingProtocolError,2024-11-18T10:15:02Z,RELEASE-2025,56,DEJU.1.50.LIVE.<4MM,3ec03e77-1985-4de5-99c1-f49038ba7dde,MEGAPT103797,2015-07-28,DEJU.1.50,DEJU.1.50.LIVE.<4MM,live,<=4mm,0.0252,2.52,25.2,2024-11-18T10:15:02Z,RELEASE-2025
77321f44-a148-419a-a199-6836ac685045,2016-10-18,MEGAPT103797,D19,DEJU,NA,NA,2015-07-28T20:00:00Z,DEJU.3.10.DEAD.<4MM,NA,vegetation,2.3,-27.8,0.6,51.9,91.8,OK,OK,NA,NA,1,NA,University of Wyoming Stable Isotope Facility,"010 EA-IRMS organic d15n, d13c, C% & N%",NA,rHBrhUbTwVSLtfc5tc9S18/eJGkjVJIj,L/6ZjMlRllRQ+sQbi+7sFw==,dryingProtocolError,2024-11-18T10:15:02Z,RELEASE-2025,86.5,DEJU.3.10.DEAD.<4MM,db8cee0b-5772-435a-9f2a-051dcd917b29,MEGAPT103797,2015-07-28,DEJU.3.10,DEJU.3.10.DEAD.<4MM,dead,<=4mm,0.1039,10.39,103.9,2024-11-18T10:15:02Z,RELEASE-2025
a5bf63b8-25ac-4345-babf-ded6cd857a69,2016-12-16,MEGAPT103797,D19,DEJU,NA,NA,2015-07-28T20:00:00Z,DEJU.2.30.DEAD.<4MM,NA,vegetation,2.5,-27.9,0.7,40.5,58.4,sample d15N out of qaqc tolerance,sample percent N out of qaqc tolerance,NA,NA,1,N amplitude below threshold for reliable data.All of sample used.,University of Wyoming Stable Isotope Facility,"010 EA-IRMS organic d15n, d13c, C% & N%",NA,rHBrhUbTwVSLtfc5tc9S18/eJGkjVJIj,L/6ZjMlRllRQ+sQbi+7sFw==,dryingProtocolError,2024-11-18T10:15:02Z,RELEASE-2025,57.85714285714286,DEJU.2.30.DEAD.<4MM,c270d4b8-ceb4-447f-a5e3-bf5747d0d1bc,MEGAPT103797,2015-07-28,DEJU.2.30,NA,dead,<=4mm,0.0088,0.88,8.8,2024-11-18T10:15:02Z,RELEASE-2025
776d1d23-93cf-4c5c-ad42-a3980b8b86c9,2016-10-04,MEGAPT103797,D19,DEJU,NA,NA,2015-07-28T20:00:00Z,DEJU.1.0.DEAD.>4MM,NA,vegetation,2.8,-27.4,0.8,51.8,65.7,OK,OK,NA,NA,1,NA,University of Wyoming Stable Isotope Facility,"010 EA-IRMS organic d15n, d13c, C% & N%",NA,rHBrhUbTwVSLtfc5tc9S18/eJGkjVJIj,L/6ZjMlRllRQ+sQbi+7sFw==,dryingProtocolError,2024-11-18T10:15:02Z,RELEASE-2025,64.74999999999999,DEJU.1.0.DEAD.>4MM,ad1cc195-651c-4937-b5fd-2dd4f41f0ebd,MEGAPT103797,2015-07-28,DEJU.1.0,NA,dead,>4mm,0.6293,62.93,629.3,2024-11-18T10:15:02Z,RELEASE-2025
93db9757-4efe-4221-bd19-256bfc9be174,2016-10-04,MEGAPT103797,D19,DEJU,NA,NA,2015-07-28T20:00:00Z,DEJU.1.10.LIVE.<4MM,NA,vegetation,2.1,-27.9,0.5,32.8,60.5,OK,OK,NA,NA,1,NA,University of Wyoming Stable Isotope Facility,"010 EA-IRMS organic d15n, d13c, C% & N%",NA,rHBrhUbTwVSLtfc5tc9S18/eJGkjVJIj,L/6ZjMlRllRQ+sQbi+7sFw==,dryingProtocolError,2024-11-18T10:15:02Z,RELEASE-2025,65.6,DEJU.1.10.LIVE.<4MM,999841ea-3af5-4b9d-8aad-fe50bedf1b86,MEGAPT103797,2015-07-28,DEJU.1.10,DEJU.1.10.LIVE.<4MM,live,<=4mm,1.458,145.8,1458,2024-11-18T10:15:02Z,RELEASE-2025
b3447cff-0f32-4311-9060-26b780e90b45,2016-10-04,MEGAPT103797,D19,DEJU,NA,NA,2015-07-28T20:00:00Z,DEJU.1.20.DEAD.<4MM,NA,vegetation,1.2,-27.3,0.6,46.8,74.8,OK,OK,NA,NA,1,NA,University of Wyoming Stable Isotope Facility,"010 EA-IRMS organic d15n, d13c, C% & N%",NA,rHBrhUbTwVSLtfc5tc9S18/eJGkjVJIj,L/6ZjMlRllRQ+sQbi+7sFw==,dryingProtocolError,2024-11-18T10:15:02Z,RELEASE-2025,78,DEJU.1.20.DEAD.<4MM,61d9b282-29d2-45de-84a3-0e0578be8863,MEGAPT103797,2015-07-28,DEJU.1.20,DEJU.1.20.DEAD.<4MM,dead,<=4mm,0.101,10.1,101,2024-11-18T10:15:02Z,RELEASE-2025
4749c06f-9feb-477d-bef0-bb6e3740938b,2016-10-18,MEGAPT103797,D19,DEJU,NA,NA,2015-07-28T20:00:00Z,DEJU.2.0.DEAD.>4MM,NA,vegetation,2.4,-27.8,0.5,53.6,110.1,OK,OK,NA,NA,1,NA,University of Wyoming Stable Isotope Facility,"010 EA-IRMS organic d15n, d13c, C% & N%",NA,rHBrhUbTwVSLtfc5tc9S18/eJGkjVJIj,L/6ZjMlRllRQ+sQbi+7sFw==,dryingProtocolError,2024-11-18T10:15:02Z,RELEASE-2025,107.2,DEJU.2.0.DEAD.>4MM,caf38a57-5c0d-47e8-a506-2a89e290be0a,MEGAPT103797,2015-07-28,DEJU.2.0,DEJU.2.0.DEAD.>4MM,dead,>4mm,0.2066,20.66,206.6,2024-11-18T10:15:02Z,RELEASE-2025
8a8f20d2-d5f6-45d6-a71e-d6c2d4194ad3,2016-10-18,MEGAPT103797,D19,DEJU,NA,NA,2015-07-28T20:00:00Z,DEJU.3.30.LIVE.<4MM,NA,vegetation,1,-27.4,0.7,43.9,64.4,OK,OK,NA,NA,1,NA,University of Wyoming Stable Isotope Facility,"010 EA-IRMS organic d15n, d13c, C% & N%",NA,rHBrhUbTwVSLtfc5tc9S18/eJGkjVJIj,L/6ZjMlRllRQ+sQbi+7sFw==,dryingProtocolError,2024-11-18T10:15:02Z,RELEASE-2025,62.714285714285715,DEJU.3.30.LIVE.<4MM,a939a45a-7694-4936-87bc-a295dc690365,MEGAPT103797,2015-07-28,DEJU.3.30,DEJU.3.30.LIVE.<4MM,live,<=4mm,0.7441,74.41,744.1,2024-11-18T10:15:02Z,RELEASE-2025
f3c294f5-2438-4c0a-bd63-03beca5c02de,2016-12-16,MEGAPT103797,D19,DEJU,NA,NA,2015-07-28T20:00:00Z,DEJU.1.60.LIVE.<4MM,NA,vegetation,0.3,-29,0.9,42.6,45.3,OK,OK,NA,NA,1,NA,University of Wyoming Stable Isotope Facility,"010 EA-IRMS organic d15n, d13c, C% & N%",NA,rHBrhUbTwVSLtfc5tc9S18/eJGkjVJIj,L/6ZjMlRllRQ+sQbi+7sFw==,dryingProtocolError,2024-11-18T10:15:02Z,RELEASE-2025,47.333333333333336,DEJU.1.60.LIVE.<4MM,34eec766-aa9a-41dc-9b4f-ee7085d8f2ad,MEGAPT103797,2015-07-28,DEJU.1.60,NA,live,<=4mm,0.0088,0.88,8.8,2024-11-18T10:15:02Z,RELEASE-2025
34ebe7c2-db34-4074-ae44-b877c252035b,2016-10-18,MEGAPT103797,D19,DEJU,NA,NA,2015-07-28T20:00:00Z,DEJU.2.70.LIVE.<4MM,NA,vegetation,7,-26.8,0.6,8.2,14.6,sample d15N out of qaqc tolerance,sample percent N out of qaqc tolerance,NA,NA,1,N amplitude below threshold for reliable data.All of sample used.,University of Wyoming Stable Isotope Facility,"010 EA-IRMS organic d15n, d13c, C% & N%",NA,rHBrhUbTwVSLtfc5tc9S18/eJGkjVJIj,L/6ZjMlRllRQ+sQbi+7sFw==,dryingProtocolError,2024-11-18T10:15:02Z,RELEASE-2025,13.666666666666666,DEJU.2.70.LIVE.<4MM,cb896bec-4230-4842-89a4-8b383cbc0083,MEGAPT103797,2015-07-28,DEJU.2.70,NA,live,<=4mm,1e-4,0.01,0.1,2024-11-18T10:15:02Z,RELEASE-2025
c80ca6cb-c0db-409f-aa93-63adc395e069,2016-12-16,MEGAPT103797,D19,DEJU,NA,NA,2015-07-28T20:00:00Z,DEJU.1.30.LIVE.<4MM,NA,vegetation,0,-30,0.3,23.3,68.6,OK,OK,NA,NA,1,NA,University of Wyoming Stable Isotope Facility,"010 EA-IRMS organic d15n, d13c, C% & N%",NA,rHBrhUbTwVSLtfc5tc9S18/eJGkjVJIj,L/6ZjMlRllRQ+sQbi+7sFw==,dryingProtocolError,2024-11-18T10:15:02Z,RELEASE-2025,77.66666666666667,DEJU.1.30.LIVE.<4MM,9ababf84-54a6-4d64-b1b4-3c6adf1e0926,MEGAPT103797,2015-07-28,DEJU.1.30,DEJU.1.30.LIVE.<4MM,live,<=4mm,0.092,9.2,92,2024-11-18T10:15:02Z,RELEASE-2025
ef5e9a21-56a2-44ea-91f1-a547dc689344,2016-10-18,MEGAPT103797,D19,DEJU,NA,NA,2015-07-28T20:00:00Z,DEJU.3.0.DEAD.<4MM,NA,vegetation,1.4,-27.6,0.7,45.2,65.4,OK,OK,NA,NA,1,NA,University of Wyoming Stable Isotope Facility,"010 EA-IRMS organic d15n, d13c, C% & N%",NA,rHBrhUbTwVSLtfc5tc9S18/eJGkjVJIj,L/6ZjMlRllRQ+sQbi+7sFw==,dryingProtocolError,2024-11-18T10:15:02Z,RELEASE-2025,64.57142857142858,DEJU.3.0.DEAD.<4MM,af995d31-01b8-4ab2-972f-86f54a5af7c5,MEGAPT103797,2015-07-28,DEJU.3.0,DEJU.3.0.DEAD.<4MM,dead,<=4mm,0.8404,84.04,840.4,2024-11-18T10:15:02Z,RELEASE-2025
06ae8d39-5c34-48fc-bb5e-e929ae1b86aa,2016-10-18,MEGAPT103797,D19,DEJU,NA,NA,2015-07-28T20:00:00Z,DEJU.1.80.LIVE.<4MM,NA,vegetation,-0.9,-30.4,0.8,48.7,62,sample d15N out of qaqc tolerance,sample percent N out of qaqc tolerance,NA,NA,1,N amplitude below threshold for reliable data.All of sample used.,University of Wyoming Stable Isotope Facility,"010 EA-IRMS organic d15n, d13c, C% & N%",NA,rHBrhUbTwVSLtfc5tc9S18/eJGkjVJIj,L/6ZjMlRllRQ+sQbi+7sFw==,dryingProtocolError,2024-11-18T10:15:02Z,RELEASE-2025,60.875,DEJU.1.80.LIVE.<4MM,3fd6e8b8-bbaa-46be-80df-6f9cacd99c25,MEGAPT103797,2015-07-28,DEJU.1.80,NA,live,<=4mm,0.0011,0.11,1.1,2024-11-18T10:15:02Z,RELEASE-2025
3b24c307-17af-4719-94c0-1157ea04003d,2016-10-18,MEGAPT103797,D19,DEJU,NA,NA,2015-07-28T20:00:00Z,DEJU.3.20.DEAD.<4MM,NA,vegetation,0.7,-28.6,0.4,33.3,75.6,OK,OK,NA,NA,1,NA,University of Wyoming Stable Isotope Facility,"010 EA-IRMS organic d15n, d13c, C% & N%",NA,rHBrhUbTwVSLtfc5tc9S18/eJGkjVJIj,L/6ZjMlRllRQ+sQbi+7sFw==,dryingProtocolError,2024-11-18T10:15:02Z,RELEASE-2025,83.24999999999999,DEJU.3.20.DEAD.<4MM,9b8542c3-c732-4ea9-916f-889e6abfd2ee,MEGAPT103797,2015-07-28,DEJU.3.20,DEJU.3.20.DEAD.<4MM,dead,<=4mm,3.5073,350.73,3507.3,2024-11-18T10:15:02Z,RELEASE-2025
2c738799-8e57-4cc5-8c42-7da2603e8b97,2016-10-04,MEGAPT103797,D19,DEJU,NA,NA,2015-07-28T20:00:00Z,DEJU.1.10.DEAD.>4MM,NA,vegetation,3.1,-27.8,0.8,50.2,64.4,OK,OK,NA,NA,1,NA,University of Wyoming Stable Isotope Facility,"010 EA-IRMS organic d15n, d13c, C% & N%",NA,rHBrhUbTwVSLtfc5tc9S18/eJGkjVJIj,L/6ZjMlRllRQ+sQbi+7sFw==,dryingProtocolError,2024-11-18T10:15:02Z,RELEASE-2025,62.75,DEJU.1.10.DEAD.>4MM,96f67ec3-91ac-4263-83ba-35301ef550a5,MEGAPT103797,2015-07-28,DEJU.1.10,DEJU.1.10.DEAD.>4MM,dead,>4mm,0.6226,62.26,622.6,2024-11-18T10:15:02Z,RELEASE-2025
79a9aeb6-4a87-4350-8969-3055757d79ac,2016-10-04,MEGAPT103797,D19,DEJU,NA,NA,2015-07-28T20:00:00Z,DEJU.1.0.LIVE.<4MM,NA,vegetation,0.9,-27.4,0.65,29.35,45.2,OK,OK,NA,NA,1,NA,University of Wyoming Stable Isotope Facility,"010 EA-IRMS organic d15n, d13c, C% & N%",NA,rHBrhUbTwVSLtfc5tc9S18/eJGkjVJIj,L/6ZjMlRllRQ+sQbi+7sFw==,dryingProtocolError,2024-11-18T10:15:02Z,RELEASE-2025,45.15384615384615,DEJU.1.0.LIVE.<4MM,a9b5ff81-f754-482c-a684-fec94096a853,MEGAPT103797,2015-07-28,DEJU.1.0,DEJU.1.0.LIVE.<4MM,live,<=4mm,23.0737,2307.37,23073.7,2024-11-18T10:15:02Z,RELEASE-2025
f49b6b1b-de0b-429a-8f81-91a7adda9358,2016-10-18,MEGAPT103797,D19,DEJU,NA,NA,2015-07-28T20:00:00Z,DEJU.3.50.LIVE.<4MM,NA,vegetation,0.8,-27.8,0.9,45.5,52.8,OK,OK,NA,NA,1,NA,University of Wyoming Stable Isotope Facility,"010 EA-IRMS organic d15n, d13c, C% & N%",NA,rHBrhUbTwVSLtfc5tc9S18/eJGkjVJIj,L/6ZjMlRllRQ+sQbi+7sFw==,dryingProtocolError,2024-11-18T10:15:02Z,RELEASE-2025,50.55555555555556,DEJU.3.50.LIVE.<4MM,2793fad5-c84c-4734-ae8c-6182a0da59df,MEGAPT103797,2015-07-28,DEJU.3.50,NA,live,<=4mm,0.0173,1.73,17.3,2024-11-18T10:15:02Z,RELEASE-2025
cd12eda7-5ea1-47ce-a508-387614dff424,2016-10-18,MEGAPT103797,D19,DEJU,NA,NA,2015-07-28T20:00:00Z,DEJU.2.10.DEAD.<4MM,NA,vegetation,2.4,-28.1,0.7,49.5,70.6,OK,OK,NA,NA,1,NA,University of Wyoming Stable Isotope Facility,"010 EA-IRMS organic d15n, d13c, C% & N%",NA,rHBrhUbTwVSLtfc5tc9S18/eJGkjVJIj,L/6ZjMlRllRQ+sQbi+7sFw==,dryingProtocolError,2024-11-18T10:15:02Z,RELEASE-2025,70.71428571428572,DEJU.2.10.DEAD.<4MM,62f70ca5-93f1-42c1-9ac6-3a01f934aa02,MEGAPT103797,2015-07-28,DEJU.2.10,DEJU.2.10.DEAD.<4MM,dead,<=4mm,0.2322,23.22,232.2,2024-11-18T10:15:02Z,RELEASE-2025
3c84a2cc-55cb-4b8f-ac45-68a2a5e30c66,2016-10-18,MEGAPT103797,D19,DEJU,NA,NA,2015-07-28T20:00:00Z,DEJU.1.50.DEAD.<4MM,NA,vegetation,1.3,-27.7,0.6,41.1,67.2,OK,OK,NA,NA,1,NA,University of Wyoming Stable Isotope Facility,"010 EA-IRMS organic d15n, d13c, C% & N%",NA,rHBrhUbTwVSLtfc5tc9S18/eJGkjVJIj,L/6ZjMlRllRQ+sQbi+7sFw==,dryingProtocolError,2024-11-18T10:15:02Z,RELEASE-2025,68.5,DEJU.1.50.DEAD.<4MM,d45f399c-bdf1-4eb3-9cf0-b1a9e0a73f25,MEGAPT103797,2015-07-28,DEJU.1.50,DEJU.1.50.DEAD.<4MM,dead,<=4mm,0.0204,2.04,20.4,2024-11-18T10:15:02Z,RELEASE-2025
8035a302-ca96-4f2a-ab72-47b4d6da135b,2016-10-18,MEGAPT103797,D19,DEJU,NA,NA,2015-07-28T20:00:00Z,DEJU.3.20.LIVE.<4MM,NA,vegetation,1.6,-28.5,0.5,30.1,56.3,OK,OK,NA,NA,1,NA,University of Wyoming Stable Isotope Facility,"010 EA-IRMS organic d15n, d13c, C% & N%",NA,rHBrhUbTwVSLtfc5tc9S18/eJGkjVJIj,L/6ZjMlRllRQ+sQbi+7sFw==,dryingProtocolError,2024-11-18T10:15:02Z,RELEASE-2025,60.2,DEJU.3.20.LIVE.<4MM,ea5a25f8-7cb2-4d85-830e-9dacc85421fa,MEGAPT103797,2015-07-28,DEJU.3.20,DEJU.3.20.LIVE.<4MM,live,<=4mm,0.6199,61.99,619.9,2024-11-18T10:15:02Z,RELEASE-2025
413812cc-6327-4d63-a17d-47f0ee123e66,2016-10-18,MEGAPT103797,D19,DEJU,NA,NA,2015-07-28T20:00:00Z,DEJU.3.0.DEAD.>4MM,NA,vegetation,3,-27.6,1.1,41,38,OK,OK,NA,NA,1,NA,University of Wyoming Stable Isotope Facility,"010 EA-IRMS organic d15n, d13c, C% & N%",NA,rHBrhUbTwVSLtfc5tc9S18/eJGkjVJIj,L/6ZjMlRllRQ+sQbi+7sFw==,dryingProtocolError,2024-11-18T10:15:02Z,RELEASE-2025,37.272727272727266,DEJU.3.0.DEAD.>4MM,82d25ce5-0426-4aa2-b5aa-05c4f80c75e2,MEGAPT103797,2015-07-28,DEJU.3.0,DEJU.3.0.DEAD.>4MM,dead,>4mm,3.1433,314.33,3143.3,2024-11-18T10:15:02Z,RELEASE-2025
31c9d2c7-a5b1-426c-9518-be885f755f62,2016-10-18,MEGAPT103797,D19,DEJU,NA,NA,2015-07-28T20:00:00Z,DEJU.2.20.DEAD.<4MM,NA,vegetation,1.9,-27.3,0.7,43.4,63.2,OK,OK,NA,NA,1,NA,University of Wyoming Stable Isotope Facility,"010 EA-IRMS organic d15n, d13c, C% & N%",NA,rHBrhUbTwVSLtfc5tc9S18/eJGkjVJIj,L/6ZjMlRllRQ+sQbi+7sFw==,dryingProtocolError,2024-11-18T10:15:02Z,RELEASE-2025,62,DEJU.2.20.DEAD.<4MM,38e3d51c-f402-4536-9ca2-4e6f6a60d60b,MEGAPT103797,2015-07-28,DEJU.2.20,DEJU.2.20.DEAD.<4MM,dead,<=4mm,3.3192,331.92,3319.2,2024-11-18T10:15:02Z,RELEASE-2025
3173f48b-6aec-4f48-95c7-6a4196abbc1e,2016-10-18,MEGAPT103797,D19,DEJU,NA,NA,2015-07-28T20:00:00Z,DEJU.2.0.DEAD.<4MM,NA,vegetation,2.1,-27.7,0.7,50.3,72.7,OK,OK,NA,NA,1,NA,University of Wyoming Stable Isotope Facility,"010 EA-IRMS organic d15n, d13c, C% & N%",NA,rHBrhUbTwVSLtfc5tc9S18/eJGkjVJIj,L/6ZjMlRllRQ+sQbi+7sFw==,dryingProtocolError,2024-11-18T10:15:02Z,RELEASE-2025,71.85714285714286,DEJU.2.0.DEAD.<4MM,b5a2efb9-a666-460a-ab30-ce71305fbe77,MEGAPT103797,2015-07-28,DEJU.2.0,DEJU.2.0.DEAD.<4MM,dead,<=4mm,0.3192,31.92,319.2,2024-11-18T10:15:02Z,RELEASE-2025
12697498-da74-4740-b5ac-b01e34bf1876,2016-10-18,MEGAPT103797,D19,DEJU,NA,NA,2015-07-28T20:00:00Z,DEJU.3.10.LIVE.<4MM,NA,vegetation,1,-27.7,0.7,44.6,63.5,OK,OK,NA,NA,1,NA,University of Wyoming Stable Isotope Facility,"010 EA-IRMS organic d15n, d13c, C% & N%",NA,rHBrhUbTwVSLtfc5tc9S18/eJGkjVJIj,L/6ZjMlRllRQ+sQbi+7sFw==,dryingProtocolError,2024-11-18T10:15:02Z,RELEASE-2025,63.71428571428572,DEJU.3.10.LIVE.<4MM,b56b122c-26d8-40be-9496-83382873b249,MEGAPT103797,2015-07-28,DEJU.3.10,DEJU.3.10.LIVE.<4MM,live,<=4mm,2.1628,216.28,2162.8,2024-11-18T10:15:02Z,RELEASE-2025
2adb30d1-a2dc-4842-99ad-f63cef9503b3,2016-10-04,MEGAPT103797,D19,DEJU,NA,NA,2015-07-28T20:00:00Z,DEJU.1.20.LIVE.<4MM,NA,vegetation,3.3,-28.4,0.9,45.1,49.9,OK,OK,NA,NA,1,NA,University of Wyoming Stable Isotope Facility,"010 EA-IRMS organic d15n, d13c, C% & N%",NA,rHBrhUbTwVSLtfc5tc9S18/eJGkjVJIj,L/6ZjMlRllRQ+sQbi+7sFw==,dryingProtocolError,2024-11-18T10:15:02Z,RELEASE-2025,50.111111111111114,DEJU.1.20.LIVE.<4MM,3eedb4ea-c3c7-4415-90b1-da394b0075c4,MEGAPT103797,2015-07-28,DEJU.1.20,DEJU.1.20.LIVE.<4MM,live,<=4mm,0.1036,10.36,103.6,2024-11-18T10:15:02Z,RELEASE-2025
254c43d9-8932-46c0-a2b8-02f104b647e0,2016-10-18,MEGAPT103797,D19,DEJU,NA,NA,2015-07-28T20:00:00Z,DEJU.1.40.LIVE.<4MM,NA,vegetation,4.6,-28.6,1.4,42.6,31.4,sample d15N out of qaqc tolerance,sample percent N out of qaqc tolerance,NA,NA,1,N amplitude below threshold for reliable data.All of sample used.,University of Wyoming Stable Isotope Facility,"010 EA-IRMS organic d15n, d13c, C% & N%",NA,rHBrhUbTwVSLtfc5tc9S18/eJGkjVJIj,L/6ZjMlRllRQ+sQbi+7sFw==,dryingProtocolError,2024-11-18T10:15:02Z,RELEASE-2025,30.42857142857143,DEJU.1.40.LIVE.<4MM,d3937097-5ac8-4e8e-b9dd-8e4a3c5593cf,MEGAPT103797,2015-07-28,DEJU.1.40,NA,live,<=4mm,0.0117,1.17,11.7,2024-11-18T10:15:02Z,RELEASE-2025
50a0c4d4-9c4f-4431-8fca-825cab0034ac,2016-10-18,MEGAPT103797,D19,DEJU,NA,NA,2015-07-28T20:00:00Z,DEJU.2.50.LIVE.<4MM,NA,vegetation,-1,-28.6,0.2,5.5,32.3,sample d15N out of qaqc tolerance,sample percent N out of qaqc tolerance,NA,NA,1,N amplitude below threshold for reliable data.All of sample used.,University of Wyoming Stable Isotope Facility,"010 EA-IRMS organic d15n, d13c, C% & N%",NA,rHBrhUbTwVSLtfc5tc9S18/eJGkjVJIj,L/6ZjMlRllRQ+sQbi+7sFw==,dryingProtocolError,2024-11-18T10:15:02Z,RELEASE-2025,27.5,DEJU.2.50.LIVE.<4MM,7f7ba5fc-a204-4a5f-9b5f-aa043cd341a0,MEGAPT103797,2015-07-28,DEJU.2.50,NA,live,<=4mm,0.0025,0.25,2.5,2024-11-18T10:15:02Z,RELEASE-2025
123d220e-90a9-4d16-846e-f7ef295957db,2016-10-18,MEGAPT103797,D19,DEJU,NA,NA,2015-07-28T20:00:00Z,DEJU.2.10.LIVE.<4MM,NA,vegetation,0.8,-27.8,0.6,43.9,77.8,OK,OK,NA,NA,1,NA,University of Wyoming Stable Isotope Facility,"010 EA-IRMS organic d15n, d13c, C% & N%",NA,rHBrhUbTwVSLtfc5tc9S18/eJGkjVJIj,L/6ZjMlRllRQ+sQbi+7sFw==,dryingProtocolError,2024-11-18T10:15:02Z,RELEASE-2025,73.16666666666667,DEJU.2.10.LIVE.<4MM,719a5a14-d8d8-4dba-9932-7a4737d03b1b,MEGAPT103797,2015-07-28,DEJU.2.10,DEJU.2.10.LIVE.<4MM,live,<=4mm,1.6445,164.45,1644.5,2024-11-18T10:15:02Z,RELEASE-2025
79f5a69e-51a2-4dac-98a4-207c1b824e93,2016-10-18,MEGAPT103797,D19,DEJU,NA,NA,2015-07-28T20:00:00Z,DEJU.3.0.LIVE.<4MM,NA,vegetation,1.2,-27.4,0.9,42.47,48.7,OK,OK,NA,NA,1,NA,University of Wyoming Stable Isotope Facility,"010 EA-IRMS organic d15n, d13c, C% & N%",NA,rHBrhUbTwVSLtfc5tc9S18/eJGkjVJIj,L/6ZjMlRllRQ+sQbi+7sFw==,dryingProtocolError,2024-11-18T10:15:02Z,RELEASE-2025,47.18888888888889,DEJU.3.0.LIVE.<4MM,dbede146-0df9-4a1b-91f4-5ea35c203e9e,MEGAPT103797,2015-07-28,DEJU.3.0,DEJU.3.0.LIVE.<4MM,live,<=4mm,21.7494,2174.94,21749.4,2024-11-18T10:15:02Z,RELEASE-2025
471708d6-eefe-40d7-b09c-a727f8c3401b,2016-10-04,MEGAPT103797,D19,DEJU,NA,NA,2015-07-28T20:00:00Z,DEJU.1.10.LIVE.>4MM,NA,vegetation,2.9,-27.9,0.6,48.8,82.8,OK,OK,NA,NA,1,NA,University of Wyoming Stable Isotope Facility,"010 EA-IRMS organic d15n, d13c, C% & N%",NA,rHBrhUbTwVSLtfc5tc9S18/eJGkjVJIj,L/6ZjMlRllRQ+sQbi+7sFw==,dryingProtocolError,2024-11-18T10:15:02Z,RELEASE-2025,81.33333333333333,DEJU.1.10.LIVE.>4MM,ca51ac99-4c8d-41b7-a3d5-eeeaffedbdcb,MEGAPT103797,2015-07-28,DEJU.1.10,DEJU.1.10.LIVE.>4MM,live,>4mm,0.5447,54.47,544.7,2024-11-18T10:15:02Z,RELEASE-2025
dfd35ccb-2fdd-4033-aa90-1a8dda7fdcfc,2016-10-04,MEGAPT103797,D19,DEJU,NA,NA,2015-07-28T20:00:00Z,DEJU.1.0.DEAD.<4MM,NA,vegetation,1.8,-27.8,0.8,47.7,60.6,OK,OK,NA,NA,1,NA,University of Wyoming Stable Isotope Facility,"010 EA-IRMS organic d15n, d13c, C% & N%",NA,rHBrhUbTwVSLtfc5tc9S18/eJGkjVJIj,L/6ZjMlRllRQ+sQbi+7sFw==,dryingProtocolError,2024-11-18T10:15:02Z,RELEASE-2025,59.625,DEJU.1.0.DEAD.<4MM,1b898725-b0f6-4b6b-9dc4-b8f66566b4c4,MEGAPT103797,2015-07-28,DEJU.1.0,DEJU.1.0.DEAD.<4MM,dead,<=4mm,1.4845,148.45,1484.5,2024-11-18T10:15:02Z,RELEASE-2025
b7c8c0c0-a154-45c4-9c40-4656a0a04e39,2016-10-18,MEGAPT103797,D19,DEJU,NA,NA,2015-07-28T20:00:00Z,DEJU.3.70.LIVE.<4MM,NA,vegetation,1.2,-27.9,0.9,47.1,52.8,OK,OK,NA,NA,1,NA,University of Wyoming Stable Isotope Facility,"010 EA-IRMS organic d15n, d13c, C% & N%",NA,rHBrhUbTwVSLtfc5tc9S18/eJGkjVJIj,L/6ZjMlRllRQ+sQbi+7sFw==,dryingProtocolError,2024-11-18T10:15:02Z,RELEASE-2025,52.333333333333336,DEJU.3.70.LIVE.<4MM,6dad0fae-44d0-4669-bb08-a93ba45af5e6,MEGAPT103797,2015-07-28,DEJU.3.70,NA,live,<=4mm,0.0139,1.39,13.9,2024-11-18T10:15:02Z,RELEASE-2025
ee4603c5-fe81-4729-8fe5-79fcc2d8db0f,2016-10-18,MEGAPT103797,D19,DEJU,NA,NA,2015-07-28T20:00:00Z,DEJU.3.40.LIVE.<4MM,NA,vegetation,1.9,-28.1,1,33.9,34.8,OK,OK,NA,NA,1,NA,University of Wyoming Stable Isotope Facility,"010 EA-IRMS organic d15n, d13c, C% & N%",NA,rHBrhUbTwVSLtfc5tc9S18/eJGkjVJIj,L/6ZjMlRllRQ+sQbi+7sFw==,dryingProtocolError,2024-11-18T10:15:02Z,RELEASE-2025,33.9,DEJU.3.40.LIVE.<4MM,6dbdad5d-c013-4e20-8fd2-ca2e232486e5,MEGAPT103797,2015-07-28,DEJU.3.40,NA,live,<=4mm,0.0064,0.64,6.4,2024-11-18T10:15:02Z,RELEASE-2025
1ab36579-e0af-49af-b674-b09cd319a9e0,2016-12-16,MEGAPT103797,D19,DEJU,NA,NA,2015-07-28T20:00:00Z,DEJU.2.40.LIVE.<4MM,NA,vegetation,4.4,-27.8,1,40,39.2,sample d15N out of qaqc tolerance,sample percent N out of qaqc tolerance,NA,NA,1,N amplitude below threshold for reliable data.All of sample used.,University of Wyoming Stable Isotope Facility,"010 EA-IRMS organic d15n, d13c, C% & N%",NA,rHBrhUbTwVSLtfc5tc9S18/eJGkjVJIj,L/6ZjMlRllRQ+sQbi+7sFw==,dryingProtocolError,2024-11-18T10:15:02Z,RELEASE-2025,40,DEJU.2.40.LIVE.<4MM,845025dc-df64-4fec-b7ed-ecb67a8be0f7,MEGAPT103797,2015-07-28,DEJU.2.40,NA,live,<=4mm,0.0026,0.26,2.6,2024-11-18T10:15:02Z,RELEASE-2025
70404975-e2e5-4ff7-9d10-3a7c2df0d2e3,2016-10-18,MEGAPT103797,D19,DEJU,NA,NA,2015-07-28T20:00:00Z,DEJU.2.30.LIVE.<4MM,NA,vegetation,1.7,-26.6,1.3,46.5,35.4,OK,OK,NA,NA,1,NA,University of Wyoming Stable Isotope Facility,"010 EA-IRMS organic d15n, d13c, C% & N%",NA,rHBrhUbTwVSLtfc5tc9S18/eJGkjVJIj,L/6ZjMlRllRQ+sQbi+7sFw==,dryingProtocolError,2024-11-18T10:15:02Z,RELEASE-2025,35.76923076923077,DEJU.2.30.LIVE.<4MM,5644f85d-2af7-4a27-b175-22f952f4d234,MEGAPT103797,2015-07-28,DEJU.2.30,NA,live,<=4mm,0.0048,0.48,4.8,2024-11-18T10:15:02Z,RELEASE-2025
976bfd52-e3aa-4580-be6a-759f3193743c,2016-10-18,MEGAPT103797,D19,DEJU,NA,NA,2015-07-28T20:00:00Z,DEJU.3.60.LIVE.<4MM,NA,vegetation,0.8,-27.9,0.8,47.1,55.7,OK,OK,NA,NA,1,NA,University of Wyoming Stable Isotope Facility,"010 EA-IRMS organic d15n, d13c, C% & N%",NA,rHBrhUbTwVSLtfc5tc9S18/eJGkjVJIj,L/6ZjMlRllRQ+sQbi+7sFw==,dryingProtocolError,2024-11-18T10:15:02Z,RELEASE-2025,58.875,DEJU.3.60.LIVE.<4MM,18df25ba-de0f-44b7-987b-8e0cf1205313,MEGAPT103797,2015-07-28,DEJU.3.60,DEJU.3.60.LIVE.<4MM,live,<=4mm,0.0285,2.85,28.5,2024-11-18T10:15:02Z,RELEASE-2025
f38eb2d0-10a0-4e0e-8110-c486e71149a0,2016-10-18,MEGAPT103797,D19,DEJU,NA,NA,2015-07-28T20:00:00Z,DEJU.2.20.LIVE.<4MM,NA,vegetation,1.4,-27.5,0.6,43.6,71,OK,OK,NA,NA,1,NA,University of Wyoming Stable Isotope Facility,"010 EA-IRMS organic d15n, d13c, C% & N%",NA,rHBrhUbTwVSLtfc5tc9S18/eJGkjVJIj,L/6ZjMlRllRQ+sQbi+7sFw==,dryingProtocolError,2024-11-18T10:15:02Z,RELEASE-2025,72.66666666666667,DEJU.2.20.LIVE.<4MM,bec05a41-26cc-49b2-8179-51e51134b6e7,MEGAPT103797,2015-07-28,DEJU.2.20,DEJU.2.20.LIVE.<4MM,live,<=4mm,0.5664,56.64,566.4,2024-11-18T10:15:02Z,RELEASE-2025
